id	Probe ID	ProbeSet ID	Sequence	Probe Start	Probe End	MGI ID	MGI Symbol	MGI Name	Chr	Start	End	Strand
7985	7985	10378068	CCCCTGGATAAAGGCTAGCAAGATG	72121987	72122011	MGI:3772572	Xaf1	XIAP associated factor 1	11	72115131	72127235	+
22529	22529	10353117	CTTTTTCTTGTGTCGAGGTGGAAGC	12929185	12929209	MGI:2443431	Slco5a1	solute carrier organic anion transporter family, member 5A1	1	12856630	12981258	-
25750	25750	10361381	CATGAGGTGGTCTTTCACAAGGTCC	-1	-1	MGI:1927152	Syne1	synaptic nuclear envelope 1	10	4795849	5326338	+
25750	25750	10361509	CATGAGGTGGTCTTTCACAAGGTCC	-1	-1	MGI:1927152	Syne1	synaptic nuclear envelope 1	10	4795849	5326338	+
34519	34519	10353117	GAAGCTGGGATACCAAACTGTGACT	12911139	12911163	MGI:2443431	Slco5a1	solute carrier organic anion transporter family, member 5A1	1	12856630	12981258	-
34772	34772	10344614	GGAGGGGGCTCAAATTCACCTGTGT	-1	-1					-1	-1	N
34772	34772	10374767	GGAGGGGGCTCAAATTCACCTGTGT	-1	-1					-1	-1	N
34772	34772	10424075	GGAGGGGGCTCAAATTCACCTGTGT	-1	-1					-1	-1	N
34772	34772	10454103	GGAGGGGGCTCAAATTCACCTGTGT	-1	-1					-1	-1	N
34772	34772	10499967	GGAGGGGGCTCAAATTCACCTGTGT	-1	-1					-1	-1	N
34772	34772	10608085	GGAGGGGGCTCAAATTCACCTGTGT	-1	-1					-1	-1	N
38796	38796	10344633	CTAGCAAATAGATCAGGAGGAATAT	4882113	4882137	MGI:1196624	Tcea1	transcription elongation factor A (SII) 1	1	4847896	4887986	+
40384	40384	10344633	CGAAGGGCATTGACAGACATTCCAA	4868118	4868142	MGI:1196624	Tcea1	transcription elongation factor A (SII) 1	1	4847896	4887986	+
48230	48230	10378068	CATATGGGAGGCATACGTATTTTCT	72120130	72120154	MGI:3772572	Xaf1	XIAP associated factor 1	11	72115131	72127235	+
52747	52747	10344624	GGGCGGCCGGCACAACGGCGGGCAT	4798022	4798046	MGI:1344588	Lypla1	lysophospholipase 1	1	4797869	4876851	+
77474	77474	10608282	TAAACGTAGAGGACCGGATCATTCT	7555233	7555257					-1	-1	N
77474	77474	10608440	TAAACGTAGAGGACCGGATCATTCT	7555233	7555257	null	null	null	null	-1	-1	N
77474	77474	10608630	TAAACGTAGAGGACCGGATCATTCT	7555233	7555257					-1	-1	N
79039	79039	10361381	GGCAGATGCTGACGCTTCCAAGGAA	5009307	5009331	MGI:1927152	Syne1	synaptic nuclear envelope 1	10	4795849	5326338	+
90807	90807	10344624	GGAATCTGGTGAAAGTCCAACGATA	4822398	4822422	MGI:1344588	Lypla1	lysophospholipase 1	1	4797869	4876851	+
102956	102956	10344624	TCTGGTGAAAGTCCAACGATATCAA	4822394	4822418	MGI:1344588	Lypla1	lysophospholipase 1	1	4797869	4876851	+
103696	103696	10344614	CAGGGAGGAAGGTCCTCGCTCCTCT	-1	-1					-1	-1	N
103696	103696	10353307	CAGGGAGGAAGGTCCTCGCTCCTCT	-1	-1					-1	-1	N
103696	103696	10374767	CAGGGAGGAAGGTCCTCGCTCCTCT	-1	-1					-1	-1	N
103696	103696	10453602	CAGGGAGGAAGGTCCTCGCTCCTCT	-1	-1					-1	-1	N
103696	103696	10499967	CAGGGAGGAAGGTCCTCGCTCCTCT	-1	-1					-1	-1	N
103696	103696	10503148	CAGGGAGGAAGGTCCTCGCTCCTCT	-1	-1					-1	-1	N
107667	107667	10353117	CAAACTGTGACTCGATGAACTTGGG	12911152	12911176	MGI:2443431	Slco5a1	solute carrier organic anion transporter family, member 5A1	1	12856630	12981258	-
108326	108326	10353117	AGGACAATACCAACACCGGCACTGG	12884667	12884691	MGI:2443431	Slco5a1	solute carrier organic anion transporter family, member 5A1	1	12856630	12981258	-
108471	108471	10344725	TAATCTGCTGTTTTTCCCGAAGGTC	9541804	9541828	MGI:1923437	Adhfe1	alcohol dehydrogenase, iron containing, 1	1	9538029	9568051	+
110599	110599	10344614	TCTCCCCTTAGAAGTAAATTTTATG	3044775	3044799					-1	-1	N
111362	111362	10361381	CTGCTCCTGGAGGTCTCTCTTCTTT	5003042	5003066	MGI:1927152	Syne1	synaptic nuclear envelope 1	10	4795849	5326338	+
111647	111647	10361381	TGTCACCAGTTAGATTAGAAGATTC	-1	-1	MGI:1927152	Syne1	synaptic nuclear envelope 1	10	4795849	5326338	+
111647	111647	10361509	TGTCACCAGTTAGATTAGAAGATTC	-1	-1	MGI:1927152	Syne1	synaptic nuclear envelope 1	10	4795849	5326338	+
137557	137557	10378068	GAATGACTATTATACTTTCATCCCG	72122145	72122169	MGI:3772572	Xaf1	XIAP associated factor 1	11	72115131	72127235	+
139785	139785	10608277	GTAAGAATGGCACCTGGGCTAGCAC	-1	-1					-1	-1	N
139785	139785	10608327	GTAAGAATGGCACCTGGGCTAGCAC	-1	-1					-1	-1	N
139785	139785	10608348	GTAAGAATGGCACCTGGGCTAGCAC	-1	-1					-1	-1	N
139785	139785	10608365	GTAAGAATGGCACCTGGGCTAGCAC	-1	-1					-1	-1	N
139785	139785	10608368	GTAAGAATGGCACCTGGGCTAGCAC	-1	-1					-1	-1	N
139785	139785	10608373	GTAAGAATGGCACCTGGGCTAGCAC	-1	-1					-1	-1	N
139785	139785	10608377	GTAAGAATGGCACCTGGGCTAGCAC	-1	-1					-1	-1	N
139785	139785	10608452	GTAAGAATGGCACCTGGGCTAGCAC	-1	-1					-1	-1	N
139785	139785	10608454	GTAAGAATGGCACCTGGGCTAGCAC	-1	-1					-1	-1	N
139785	139785	10608457	GTAAGAATGGCACCTGGGCTAGCAC	-1	-1					-1	-1	N
139785	139785	10608477	GTAAGAATGGCACCTGGGCTAGCAC	-1	-1					-1	-1	N
139785	139785	10608484	GTAAGAATGGCACCTGGGCTAGCAC	-1	-1					-1	-1	N
139785	139785	10608501	GTAAGAATGGCACCTGGGCTAGCAC	-1	-1					-1	-1	N
139785	139785	10608549	GTAAGAATGGCACCTGGGCTAGCAC	-1	-1					-1	-1	N
139785	139785	10608606	GTAAGAATGGCACCTGGGCTAGCAC	-1	-1	null	null	null	null	-1	-1	N
139785	139785	10608608	GTAAGAATGGCACCTGGGCTAGCAC	-1	-1					-1	-1	N
139785	139785	10608630	GTAAGAATGGCACCTGGGCTAGCAC	-1	-1					-1	-1	N
160847	160847	10344614	AGGAAGGTCCTCGCTCCTCTTTCAT	-1	-1					-1	-1	N
160847	160847	10353307	AGGAAGGTCCTCGCTCCTCTTTCAT	-1	-1					-1	-1	N
160847	160847	10374767	AGGAAGGTCCTCGCTCCTCTTTCAT	-1	-1					-1	-1	N
160847	160847	10453602	AGGAAGGTCCTCGCTCCTCTTTCAT	-1	-1					-1	-1	N
160847	160847	10499967	AGGAAGGTCCTCGCTCCTCTTTCAT	-1	-1					-1	-1	N
160847	160847	10503148	AGGAAGGTCCTCGCTCCTCTTTCAT	-1	-1					-1	-1	N
174226	174226	10344616	CGTTCAAAATTTAGTGTATGTGTTG	3092110	3092134					-1	-1	N
176211	176211	10378078	CAGCTGCTCATCTAGAGACTCGTGA	72131870	72131894	MGI:3505735	Fbxo39	F-box protein 39	11	72127946	72132918	+
180493	180493	10353117	CAACAATGAACAGGGTGGAGAAGCA	12884557	12884581	MGI:2443431	Slco5a1	solute carrier organic anion transporter family, member 5A1	1	12856630	12981258	-
186463	186463	10608277	AGAATGGCACCTGGGCTAGCACCAT	-1	-1					-1	-1	N
186463	186463	10608295	AGAATGGCACCTGGGCTAGCACCAT	-1	-1					-1	-1	N
186463	186463	10608327	AGAATGGCACCTGGGCTAGCACCAT	-1	-1					-1	-1	N
186463	186463	10608348	AGAATGGCACCTGGGCTAGCACCAT	-1	-1					-1	-1	N
186463	186463	10608365	AGAATGGCACCTGGGCTAGCACCAT	-1	-1					-1	-1	N
186463	186463	10608368	AGAATGGCACCTGGGCTAGCACCAT	-1	-1					-1	-1	N
186463	186463	10608373	AGAATGGCACCTGGGCTAGCACCAT	-1	-1					-1	-1	N
186463	186463	10608377	AGAATGGCACCTGGGCTAGCACCAT	-1	-1					-1	-1	N
186463	186463	10608452	AGAATGGCACCTGGGCTAGCACCAT	-1	-1					-1	-1	N
186463	186463	10608454	AGAATGGCACCTGGGCTAGCACCAT	-1	-1					-1	-1	N
186463	186463	10608457	AGAATGGCACCTGGGCTAGCACCAT	-1	-1					-1	-1	N
186463	186463	10608477	AGAATGGCACCTGGGCTAGCACCAT	-1	-1					-1	-1	N
186463	186463	10608484	AGAATGGCACCTGGGCTAGCACCAT	-1	-1					-1	-1	N
186463	186463	10608501	AGAATGGCACCTGGGCTAGCACCAT	-1	-1					-1	-1	N
186463	186463	10608506	AGAATGGCACCTGGGCTAGCACCAT	-1	-1					-1	-1	N
186463	186463	10608549	AGAATGGCACCTGGGCTAGCACCAT	-1	-1					-1	-1	N
186463	186463	10608606	AGAATGGCACCTGGGCTAGCACCAT	-1	-1	null	null	null	null	-1	-1	N
186463	186463	10608608	AGAATGGCACCTGGGCTAGCACCAT	-1	-1					-1	-1	N
186463	186463	10608630	AGAATGGCACCTGGGCTAGCACCAT	-1	-1					-1	-1	N
189068	189068	10344723	TCACTTCGGGACAGCGGCGGGACGT	9535556	9535580	MGI:1929721	Rrs1	RRS1 ribosome biogenesis regulator homolog (S. cerevisiae)	1	9535523	9537533	+
199042	199042	10344624	CGGCCGGCACAACGGCGGGCATCGG	4798019	4798043	MGI:1344588	Lypla1	lysophospholipase 1	1	4797869	4876851	+
201261	201261	10353117	CAATAGAAGAACAACGTAGGGCGTC	12871342	12871366	MGI:2443431	Slco5a1	solute carrier organic anion transporter family, member 5A1	1	12856630	12981258	-
213807	213807	10378068	CCAGAGTCCATAAATGCAAGGGTTG	72122173	72122197	MGI:3772572	Xaf1	XIAP associated factor 1	11	72115131	72127235	+
240008	240008	10344614	GAGGGGGCTCAAATTCACCTGTGTT	-1	-1					-1	-1	N
240008	240008	10374767	GAGGGGGCTCAAATTCACCTGTGTT	-1	-1					-1	-1	N
240008	240008	10424075	GAGGGGGCTCAAATTCACCTGTGTT	-1	-1					-1	-1	N
240008	240008	10454103	GAGGGGGCTCAAATTCACCTGTGTT	-1	-1					-1	-1	N
240008	240008	10499967	GAGGGGGCTCAAATTCACCTGTGTT	-1	-1					-1	-1	N
240008	240008	10608085	GAGGGGGCTCAAATTCACCTGTGTT	-1	-1					-1	-1	N
250721	250721	10608630	TAAAAATAGTCTTGTAAGAATGGCA	-1	-1					-1	-1	N
257366	257366	10344633	CCTCGCCCGGCCACAGCGGACGGGA	4847953	4847977	MGI:1196624	Tcea1	transcription elongation factor A (SII) 1	1	4847896	4887986	+
263173	263173	10344616	ATCGTTCAAAATTTAGTGTATGTGT	3092112	3092136					-1	-1	N
271822	271822	10344614	GGGCTCAAATTCACCTGTGTTAACT	-1	-1					-1	-1	N
271822	271822	10374767	GGGCTCAAATTCACCTGTGTTAACT	-1	-1					-1	-1	N
271822	271822	10424075	GGGCTCAAATTCACCTGTGTTAACT	-1	-1					-1	-1	N
271822	271822	10499967	GGGCTCAAATTCACCTGTGTTAACT	-1	-1					-1	-1	N
271822	271822	10608085	GGGCTCAAATTCACCTGTGTTAACT	-1	-1					-1	-1	N
299256	299256	10344624	CCTGTATCTCCCAATCCGTGAAGGA	4798543	4798567	MGI:1344588	Lypla1	lysophospholipase 1	1	4797869	4876851	+
306937	306937	10353117	TCATGGCTAGCTTTGCAGATTCTCT	12884605	12884629	MGI:2443431	Slco5a1	solute carrier organic anion transporter family, member 5A1	1	12856630	12981258	-
314518	314518	10361381	TGATCCTCTGCCTCGGACACTATGG	-1	-1	MGI:1927152	Syne1	synaptic nuclear envelope 1	10	4795849	5326338	+
314518	314518	10361509	TGATCCTCTGCCTCGGACACTATGG	-1	-1	MGI:1927152	Syne1	synaptic nuclear envelope 1	10	4795849	5326338	+
319485	319485	10378068	CGAAGTGTATCGAGAATCTGCTGTC	72120220	72120244	MGI:3772572	Xaf1	XIAP associated factor 1	11	72115131	72127235	+
335841	335841	10361381	CGAACTGGGCAAAGGACTGGGCTTC	5012957	5012981	MGI:1927152	Syne1	synaptic nuclear envelope 1	10	4795849	5326338	+
342194	342194	10344624	CTCCCAAAATAATCCTGTTAGAAGG	4827120	4827144	MGI:1344588	Lypla1	lysophospholipase 1	1	4797869	4876851	+
342270	342270	10344723	TGCGGCTCGGATCCCTCACTTCGGG	9535571	9535595	MGI:1929721	Rrs1	RRS1 ribosome biogenesis regulator homolog (S. cerevisiae)	1	9535523	9537533	+
354561	354561	10378068	TTTGGAATACGAACTGGCTCCTGGC	72120185	72120209	MGI:3772572	Xaf1	XIAP associated factor 1	11	72115131	72127235	+
388773	388773	10361381	TCGCAAGTCTCGGTTTGGGCACATC	-1	-1	MGI:1927152	Syne1	synaptic nuclear envelope 1	10	4795849	5326338	+
388773	388773	10361509	TCGCAAGTCTCGGTTTGGGCACATC	-1	-1	MGI:1927152	Syne1	synaptic nuclear envelope 1	10	4795849	5326338	+
391179	391179	10344723	TTTACAATACTTGCAAATCACAGGT	9537046	9537070	MGI:1929721	Rrs1	RRS1 ribosome biogenesis regulator homolog (S. cerevisiae)	1	9535523	9537533	+
396933	396933	10344614	GGGAGGGGGCTCAAATTCACCTGTG	-1	-1					-1	-1	N
396933	396933	10374767	GGGAGGGGGCTCAAATTCACCTGTG	-1	-1					-1	-1	N
396933	396933	10424075	GGGAGGGGGCTCAAATTCACCTGTG	-1	-1					-1	-1	N
396933	396933	10454103	GGGAGGGGGCTCAAATTCACCTGTG	-1	-1					-1	-1	N
396933	396933	10499967	GGGAGGGGGCTCAAATTCACCTGTG	-1	-1					-1	-1	N
396933	396933	10608085	GGGAGGGGGCTCAAATTCACCTGTG	-1	-1					-1	-1	N
399880	399880	10361381	TGAATCTGTGACAATCGCCCCTCCA	-1	-1	MGI:1927152	Syne1	synaptic nuclear envelope 1	10	4795849	5326338	+
399880	399880	10361509	TGAATCTGTGACAATCGCCCCTCCA	-1	-1	MGI:1927152	Syne1	synaptic nuclear envelope 1	10	4795849	5326338	+
403426	403426	10344633	CTCGCCCGGCCACAGCGGACGGGAA	4847952	4847976	MGI:1196624	Tcea1	transcription elongation factor A (SII) 1	1	4847896	4887986	+
409037	409037	10344616	GTTCAAAATTTAGTGTATGTGTTGC	3092109	3092133					-1	-1	N
419310	419310	10378078	TGATGTTCATGGTCCGGAGGGTCCC	72131073	72131097	MGI:3505735	Fbxo39	F-box protein 39	11	72127946	72132918	+
424630	424630	10361381	GAACTTTGTACGTCTCTGCAGCTGA	5013563	5013587	MGI:1927152	Syne1	synaptic nuclear envelope 1	10	4795849	5326338	+
437980	437980	10344624	CAACGGCGGGCATCGGAGCGGACAT	4798010	4798034	MGI:1344588	Lypla1	lysophospholipase 1	1	4797869	4876851	+
452008	452008	10378078	TAGAGACTCGTGATTATTGTTGAAC	72131858	72131882	MGI:3505735	Fbxo39	F-box protein 39	11	72127946	72132918	+
452997	452997	10344624	CTGGTGAAAGTCCAACGATATCAAA	4822393	4822417	MGI:1344588	Lypla1	lysophospholipase 1	1	4797869	4876851	+
466331	466331	10378078	TCTTGCCCAGGCATGACAGGAGGCC	72130665	72130689	MGI:3505735	Fbxo39	F-box protein 39	11	72127946	72132918	+
471866	471866	10608282	CTGATAAACGTAGAGGACCGGATCA	7555237	7555261					-1	-1	N
471866	471866	10608440	CTGATAAACGTAGAGGACCGGATCA	7555237	7555261	null	null	null	null	-1	-1	N
471866	471866	10608630	CTGATAAACGTAGAGGACCGGATCA	7555237	7555261					-1	-1	N
492829	492829	10344633	GAGGAATATTCCCACACAGCACATT	4882097	4882121	MGI:1196624	Tcea1	transcription elongation factor A (SII) 1	1	4847896	4887986	+
500608	500608	10378068	TGTTTGCAAAGATCACAACGGGTTT	72120096	72120120	MGI:3772572	Xaf1	XIAP associated factor 1	11	72115131	72127235	+
507462	507462	10344725	TCTGCTGTTTTTCCCGAAGGTCCAG	9541801	9541825	MGI:1923437	Adhfe1	alcohol dehydrogenase, iron containing, 1	1	9538029	9568051	+
509124	509124	10344723	ACAATACTTGCAAATCACAGGTAGA	9537043	9537067	MGI:1929721	Rrs1	RRS1 ribosome biogenesis regulator homolog (S. cerevisiae)	1	9535523	9537533	+
534853	534853	10344614	GCCTCTAAGTTTCTCCCCTTAGAAG	3044786	3044810					-1	-1	N
538004	538004	10378068	TCCTGGCACAGTTAGAGAGTGGGTC	72120167	72120191	MGI:3772572	Xaf1	XIAP associated factor 1	11	72115131	72127235	+
568852	568852	10378078	GATTTTGAAGTAAAACAGCTTCCGA	72131915	72131939	MGI:3505735	Fbxo39	F-box protein 39	11	72127946	72132918	+
570830	570830	10353117	GAAAAGTAAACATTGGGAATATCAC	12929217	12929241	MGI:2443431	Slco5a1	solute carrier organic anion transporter family, member 5A1	1	12856630	12981258	-
576484	576484	10344624	ATTTGATGTGGGGACTTTTGATACC	4818690	4818714	MGI:1344588	Lypla1	lysophospholipase 1	1	4797869	4876851	+
608060	608060	10378068	TGAACCCTGGAACTCAAACAGTAGA	72121916	72121940	MGI:3772572	Xaf1	XIAP associated factor 1	11	72115131	72127235	+
610447	610447	10344624	AATAATCCTGTTAGAAGGAATGCCA	4827113	4827137	MGI:1344588	Lypla1	lysophospholipase 1	1	4797869	4876851	+
613303	613303	10353117	TATAACAATGGGTCCACGAGGTCTC	12870479	12870503	MGI:2443431	Slco5a1	solute carrier organic anion transporter family, member 5A1	1	12856630	12981258	-
613322	613322	10344614	AAGGCTTGGGCTATGCGCTCTCCAG	-1	-1					-1	-1	N
613322	613322	10410235	AAGGCTTGGGCTATGCGCTCTCCAG	-1	-1					-1	-1	N
613322	613322	10424075	AAGGCTTGGGCTATGCGCTCTCCAG	-1	-1					-1	-1	N
621489	621489	10378078	CAGCTTCCGACAGGCCAAGATGAGG	72131900	72131924	MGI:3505735	Fbxo39	F-box protein 39	11	72127946	72132918	+
633370	633370	10344633	TCGCCCGGCCACAGCGGACGGGAAG	4847951	4847975	MGI:1196624	Tcea1	transcription elongation factor A (SII) 1	1	4847896	4887986	+
639808	639808	10378078	TCCAAGTGTTCCAGGTATCGGCCAA	72130579	72130603	MGI:3505735	Fbxo39	F-box protein 39	11	72127946	72132918	+
640848	640848	10344616	TCAAAATTTAGTGTATGTGTTGCCG	3092107	3092131					-1	-1	N
655421	655421	10353117	CCATTTAGGCCATTAAGGACGTTCA	12870443	12870467	MGI:2443431	Slco5a1	solute carrier organic anion transporter family, member 5A1	1	12856630	12981258	-
655766	655766	10344723	TCGGATCCCTCACTTCGGGACAGCG	9535565	9535589	MGI:1929721	Rrs1	RRS1 ribosome biogenesis regulator homolog (S. cerevisiae)	1	9535523	9537533	+
663100	663100	10608630	AAAATAGTCTTGTAAGAATGGCACC	-1	-1					-1	-1	N
663969	663969	10344614	CTCTAAGTTTCTCCCCTTAGAAGTA	3044784	3044808					-1	-1	N
683611	683611	10608282	ACTGCACCCAGGTACCTATTAAGAA	-1	-1					-1	-1	N
683611	683611	10608295	ACTGCACCCAGGTACCTATTAAGAA	-1	-1					-1	-1	N
683611	683611	10608440	ACTGCACCCAGGTACCTATTAAGAA	-1	-1	null	null	null	null	-1	-1	N
683611	683611	10608506	ACTGCACCCAGGTACCTATTAAGAA	-1	-1					-1	-1	N
683611	683611	10608549	ACTGCACCCAGGTACCTATTAAGAA	-1	-1					-1	-1	N
683611	683611	10608630	ACTGCACCCAGGTACCTATTAAGAA	-1	-1					-1	-1	N
707449	707449	10344614	AAGCCTCTAAGTTTCTCCCCTTAGA	3044788	3044812					-1	-1	N
717079	717079	10344725	CCATATCTAATATTTGAGACAGCCA	9543005	9543029	MGI:1923437	Adhfe1	alcohol dehydrogenase, iron containing, 1	1	9538029	9568051	+
717315	717315	10378068	CTGCTGTCGGACCTGCTCTTTGGAA	72120203	72120227	MGI:3772572	Xaf1	XIAP associated factor 1	11	72115131	72127235	+
722912	722912	10344725	TCAGCAAGTGTGTGACTCGAGCGCG	9538189	9538213	MGI:1923437	Adhfe1	alcohol dehydrogenase, iron containing, 1	1	9538029	9568051	+
726999	726999	10361381	TCAAGAAGCGTTCGTGGCTGGAACC	5004316	5004340	MGI:1927152	Syne1	synaptic nuclear envelope 1	10	4795849	5326338	+
729013	729013	10361381	TCAAGCAGATTTTTCGAGTCCAGGA	5001694	5001718	MGI:1927152	Syne1	synaptic nuclear envelope 1	10	4795849	5326338	+
732933	732933	10344624	TTTGATGTGGGGACTTTTGATACCT	4818689	4818713	MGI:1344588	Lypla1	lysophospholipase 1	1	4797869	4876851	+
748285	748285	10344614	TCAAGCCTCTAAGTTTCTCCCCTTA	-1	-1					-1	-1	N
748285	748285	10453602	TCAAGCCTCTAAGTTTCTCCCCTTA	-1	-1					-1	-1	N
749590	749590	10361381	TATTAGCCCAGTCATTGCACGGCCC	-1	-1	MGI:1927152	Syne1	synaptic nuclear envelope 1	10	4795849	5326338	+
749590	749590	10361509	TATTAGCCCAGTCATTGCACGGCCC	-1	-1	MGI:1927152	Syne1	synaptic nuclear envelope 1	10	4795849	5326338	+
758080	758080	10344616	ATTTAGTGTATGTGTTGCCGAAGCA	3092102	3092126					-1	-1	N
765359	765359	10378078	GTAAAACAGCTTCCGACAGGCCAAG	72131906	72131930	MGI:3505735	Fbxo39	F-box protein 39	11	72127946	72132918	+
773873	773873	10344723	ACCAGGTACCTGCATCCATTTACAA	9537064	9537088	MGI:1929721	Rrs1	RRS1 ribosome biogenesis regulator homolog (S. cerevisiae)	1	9535523	9537533	+
781344	781344	10353117	AGAGAAACCCCGCTGCAGATCATGG	12884586	12884610	MGI:2443431	Slco5a1	solute carrier organic anion transporter family, member 5A1	1	12856630	12981258	-
789898	789898	10378078	CGGGCCAGGCGTTCATATTTCATCA	72131203	72131227	MGI:3505735	Fbxo39	F-box protein 39	11	72127946	72132918	+
790321	790321	10344723	CATGCAACCTCTACCGACAGTAAAA	9537101	9537125	MGI:1929721	Rrs1	RRS1 ribosome biogenesis regulator homolog (S. cerevisiae)	1	9535523	9537533	+
806831	806831	10361381	GAAGTTCTGTTGGTGTTTCTGGATT	-1	-1	MGI:1927152	Syne1	synaptic nuclear envelope 1	10	4795849	5326338	+
806831	806831	10361509	GAAGTTCTGTTGGTGTTTCTGGATT	-1	-1	MGI:1927152	Syne1	synaptic nuclear envelope 1	10	4795849	5326338	+
815155	815155	10344614	TCTAAGTTTCTCCCCTTAGAAGTAA	3044783	3044807					-1	-1	N
816249	816249	10608630	AAAAATAGTCTTGTAAGAATGGCAC	-1	-1					-1	-1	N
826914	826914	10344614	GAAGGTCCTCGCTCCTCTTTCATAT	-1	-1					-1	-1	N
826914	826914	10353307	GAAGGTCCTCGCTCCTCTTTCATAT	-1	-1					-1	-1	N
826914	826914	10374767	GAAGGTCCTCGCTCCTCTTTCATAT	-1	-1					-1	-1	N
826914	826914	10453602	GAAGGTCCTCGCTCCTCTTTCATAT	-1	-1					-1	-1	N
826914	826914	10499967	GAAGGTCCTCGCTCCTCTTTCATAT	-1	-1					-1	-1	N
826914	826914	10503148	GAAGGTCCTCGCTCCTCTTTCATAT	-1	-1					-1	-1	N
833529	833529	10344624	CTGTATCTCCCAATCCGTGAAGGAA	4798542	4798566	MGI:1344588	Lypla1	lysophospholipase 1	1	4797869	4876851	+
840425	840425	10378068	AGAAGACTCATGTTCCAGGATGGAA	72121745	72121769	MGI:3772572	Xaf1	XIAP associated factor 1	11	72115131	72127235	+
840950	840950	10344723	CATAGTGAATGCCAGATATTTTGAC	9537371	9537395	MGI:1929721	Rrs1	RRS1 ribosome biogenesis regulator homolog (S. cerevisiae)	1	9535523	9537533	+
851392	851392	10361381	GATGCTGCTAACAATCTGCTTGGGC	-1	-1	MGI:1927152	Syne1	synaptic nuclear envelope 1	10	4795849	5326338	+
851392	851392	10361509	GATGCTGCTAACAATCTGCTTGGGC	-1	-1	MGI:1927152	Syne1	synaptic nuclear envelope 1	10	4795849	5326338	+
859602	859602	10353117	CATCGTCGATAACGACATCGGCAGA	12929151	12929175	MGI:2443431	Slco5a1	solute carrier organic anion transporter family, member 5A1	1	12856630	12981258	-
861615	861615	10361381	TCCAGGGCCTGCTCGAGTTGGGTCA	-1	-1	MGI:1927152	Syne1	synaptic nuclear envelope 1	10	4795849	5326338	+
861615	861615	10361509	TCCAGGGCCTGCTCGAGTTGGGTCA	-1	-1	MGI:1927152	Syne1	synaptic nuclear envelope 1	10	4795849	5326338	+
863847	863847	10344633	GCTCTGCTTGCGAAGGGCATTGACA	4868128	4868152	MGI:1196624	Tcea1	transcription elongation factor A (SII) 1	1	4847896	4887986	+
866088	866088	10344614	AGGGGGCTCAAATTCACCTGTGTTA	-1	-1					-1	-1	N
866088	866088	10374767	AGGGGGCTCAAATTCACCTGTGTTA	-1	-1					-1	-1	N
866088	866088	10424075	AGGGGGCTCAAATTCACCTGTGTTA	-1	-1					-1	-1	N
866088	866088	10454103	AGGGGGCTCAAATTCACCTGTGTTA	-1	-1					-1	-1	N
866088	866088	10499967	AGGGGGCTCAAATTCACCTGTGTTA	-1	-1					-1	-1	N
866088	866088	10608085	AGGGGGCTCAAATTCACCTGTGTTA	-1	-1					-1	-1	N
868774	868774	10344616	AATTTAGTGTATGTGTTGCCGAAGC	3092103	3092127					-1	-1	N
893223	893223	10344616	AAAATTTAGTGTATGTGTTGCCGAA	3092105	3092129					-1	-1	N
902735	902735	10361381	TCCTTGATTGACTTGGCCTGCCGCT	5007256	5007280	MGI:1927152	Syne1	synaptic nuclear envelope 1	10	4795849	5326338	+
907629	907629	10344624	TGTGGACAGATGTATTTGATGTGGG	4818703	4818727	MGI:1344588	Lypla1	lysophospholipase 1	1	4797869	4876851	+
909393	909393	10378068	GGAAGATTGGGTACATCCCTCTAAA	72121724	72121748	MGI:3772572	Xaf1	XIAP associated factor 1	11	72115131	72127235	+
940561	940561	10353117	GTTGCTTAAGATCCTGACAGCTGCT	12911249	12911273	MGI:2443431	Slco5a1	solute carrier organic anion transporter family, member 5A1	1	12856630	12981258	-
949196	949196	10378078	CAAGATGAGGAGATGCAGCTGCTCA	72131885	72131909	MGI:3505735	Fbxo39	F-box protein 39	11	72127946	72132918	+
964776	964776	10344624	TGTATCTCCCAATCCGTGAAGGAAA	4798541	4798565	MGI:1344588	Lypla1	lysophospholipase 1	1	4797869	4876851	+
977186	977186	10344725	CTTGGGAGTAAGTATGAGAATGAGT	9540001	9540025	MGI:1923437	Adhfe1	alcohol dehydrogenase, iron containing, 1	1	9538029	9568051	+
980139	980139	10361381	GAAAGAGCTTGATAATTCTGCCAGC	4999669	4999693	MGI:1927152	Syne1	synaptic nuclear envelope 1	10	4795849	5326338	+
984143	984143	10344614	AAGGTCCTCGCTCCTCTTTCATATA	-1	-1					-1	-1	N
984143	984143	10353307	AAGGTCCTCGCTCCTCTTTCATATA	-1	-1					-1	-1	N
984143	984143	10374767	AAGGTCCTCGCTCCTCTTTCATATA	-1	-1					-1	-1	N
984143	984143	10453602	AAGGTCCTCGCTCCTCTTTCATATA	-1	-1					-1	-1	N
984143	984143	10499967	AAGGTCCTCGCTCCTCTTTCATATA	-1	-1					-1	-1	N
984143	984143	10503148	AAGGTCCTCGCTCCTCTTTCATATA	-1	-1					-1	-1	N
986442	986442	10344633	TCTGTGCTCTGCTTGCGAAGGGCAT	4868133	4868157	MGI:1196624	Tcea1	transcription elongation factor A (SII) 1	1	4847896	4887986	+
1005112	1005112	10378068	CTTTCATCCCGAATACGTGTCACAG	72122131	72122155	MGI:3772572	Xaf1	XIAP associated factor 1	11	72115131	72127235	+
1009451	1009451	10344616	TCGTTCAAAATTTAGTGTATGTGTT	3092111	3092135					-1	-1	N
1021075	1021075	10344624	CCTGTTAGAAGGAATGCCATTCTTC	4827107	4827131	MGI:1344588	Lypla1	lysophospholipase 1	1	4797869	4876851	+
1034015	1034015	10344616	CAAAATTTAGTGTATGTGTTGCCGA	3092106	3092130					-1	-1	N
1039533	1039533	10378068	TAAATGCAAGGGTTGAAGGAATGAC	72122163	72122187	MGI:3772572	Xaf1	XIAP associated factor 1	11	72115131	72127235	+
1048181	1048181	10344616	TTCAAAATTTAGTGTATGTGTTGCC	3092108	3092132					-1	-1	N
1053336	1053336	10344723	ATGCAACCTCTACCGACAGTAAAAG	9537100	9537124	MGI:1929721	Rrs1	RRS1 ribosome biogenesis regulator homolog (S. cerevisiae)	1	9535523	9537533	+
1071435	1071435	10344725	GCTGTGCTTTGTAGGTGCCTCAGCA	9538208	9538232	MGI:1923437	Adhfe1	alcohol dehydrogenase, iron containing, 1	1	9538029	9568051	+
1075207	1075207	10344614	GGAAGGTCCTCGCTCCTCTTTCATA	-1	-1					-1	-1	N
1075207	1075207	10353307	GGAAGGTCCTCGCTCCTCTTTCATA	-1	-1					-1	-1	N
1075207	1075207	10374767	GGAAGGTCCTCGCTCCTCTTTCATA	-1	-1					-1	-1	N
1075207	1075207	10453602	GGAAGGTCCTCGCTCCTCTTTCATA	-1	-1					-1	-1	N
1075207	1075207	10499967	GGAAGGTCCTCGCTCCTCTTTCATA	-1	-1					-1	-1	N
1075207	1075207	10503148	GGAAGGTCCTCGCTCCTCTTTCATA	-1	-1					-1	-1	N
1081997	1081997	10361381	ACCTCGTCGTGGTTGCCAGTGTCAA	4998679	4998703	MGI:1927152	Syne1	synaptic nuclear envelope 1	10	4795849	5326338	+
1097301	1097301	10353117	AATGAAAGCGGTGACAATGGCACTC	12911186	12911210	MGI:2443431	Slco5a1	solute carrier organic anion transporter family, member 5A1	1	12856630	12981258	-
1097528	1097528	10361381	GTATCTCCTCGTACTGCTGCTGTAG	5016307	5016331	MGI:1927152	Syne1	synaptic nuclear envelope 1	10	4795849	5326338	+
